,sum_sq,df,F,PR(>F)
C(method),165030.76986216498,7.0,2.4490165395074444,0.02953328419497208
C(sampling),24928.165264113926,3.0,0.8631651410151228,0.4658826372281156
C(dimensionality),1207357.5245559018,5.0,25.083649363618925,5.620810014387116e-13
Residual,519839.08227149927,54.0,,
